caption_sentence,cleaned_tokens
is the universe infinite does it have an is the universe infinite does it have an edge and if so what would you see if you,"['universe', 'infinite', 'universe', 'infinite', 'edge', 'would', 'see']"
edge and if so what would you see if you edge and if so what would you see if you went there today we know that the,"['edge', 'would', 'see', 'edge', 'would', 'see', 'went', 'today', 'know']"
went there today we know that the went there today we know that the Universe had a beginning 14 billion Universe had a beginning 14 billion,"['went', 'today', 'know', 'went', 'today', 'know', 'universe', 'beginning', 'billion', 'universe', 'beginning', 'billion']"
Universe had a beginning 14 billion years ago and that it's been expanding years ago and that it's been expanding years ago and that it's been expanding ever since but something that's,"['universe', 'beginning', 'billion', 'year', 'ago', 'expanding', 'year', 'ago', 'expanding', 'year', 'ago', 'expanding', 'ever', 'since', 'something', 'thats']"
ever since but something that's ever since but something that's expanding should also have an edge right expanding should also have an edge right expanding should also have an edge right well it sort of does information can't,"['ever', 'since', 'something', 'thats', 'ever', 'since', 'something', 'thats', 'expanding', 'also', 'edge', 'right', 'expanding', 'also', 'edge', 'right', 'expanding', 'also', 'edge', 'right', 'well', 'sort', 'information', 'cant']"
well it sort of does information can't well it sort of does information can't travel faster than light that means that travel faster than light that means that,"['well', 'sort', 'information', 'cant', 'well', 'sort', 'information', 'cant', 'travel', 'faster', 'light', 'mean', 'travel', 'faster', 'light', 'mean']"
travel faster than light that means that we can only see parts of the universe we can only see parts of the universe we can only see parts of the universe whose light has had time to reach us in,"['travel', 'faster', 'light', 'mean', 'see', 'part', 'universe', 'see', 'part', 'universe', 'see', 'part', 'universe', 'whose', 'light', 'time', 'reach']"
whose light has had time to reach us in whose light has had time to reach us in the last 14 billion years when we look,"['whose', 'light', 'time', 'reach', 'whose', 'light', 'time', 'reach', 'last', 'billion', 'year', 'look']"
the last 14 billion years when we look the last 14 billion years when we look outwards what we see is a sphere outwards what we see is a sphere,"['last', 'billion', 'year', 'look', 'last', 'billion', 'year', 'look', 'outwards', 'see', 'sphere', 'outwards', 'see', 'sphere']"
outwards what we see is a sphere centered on us the observable universe centered on us the observable universe centered on us the observable universe but it gets a tad more complicated,"['outwards', 'see', 'sphere', 'centered', 'observable', 'universe', 'centered', 'observable', 'universe', 'centered', 'observable', 'universe', 'get', 'tad', 'complicated']"
but it gets a tad more complicated but it gets a tad more complicated because the universe has been expanding because the universe has been expanding,"['get', 'tad', 'complicated', 'get', 'tad', 'complicated', 'universe', 'expanding', 'universe', 'expanding']"
because the universe has been expanding we know that the most far away things we know that the most far away things we know that the most far away things whose light we can see are actually 45,"['universe', 'expanding', 'know', 'far', 'away', 'thing', 'know', 'far', 'away', 'thing', 'know', 'far', 'away', 'thing', 'whose', 'light', 'see', 'actually']"
whose light we can see are actually 45 whose light we can see are actually 45 billion light years from us right now so billion light years from us right now so,"['whose', 'light', 'see', 'actually', 'whose', 'light', 'see', 'actually', 'billion', 'light', 'year', 'right', 'billion', 'light', 'year', 'right']"
billion light years from us right now so the observable universe is a sphere with the observable universe is a sphere with the observable universe is a sphere with a radius of 45 billion light years it,"['billion', 'light', 'year', 'right', 'observable', 'universe', 'sphere', 'observable', 'universe', 'sphere', 'observable', 'universe', 'sphere', 'radius', 'billion', 'light', 'year']"
a radius of 45 billion light years it a radius of 45 billion light years it contains around 200 billion galaxies contains around 200 billion galaxies,"['radius', 'billion', 'light', 'year', 'radius', 'billion', 'light', 'year', 'contains', 'around', 'billion', 'galaxy', 'contains', 'around', 'billion', 'galaxy']"
contains around 200 billion galaxies each with hundreds of billions of stars each with hundreds of billions of stars each with hundreds of billions of stars so for us there is an edge we're looking,"['contains', 'around', 'billion', 'galaxy', 'hundred', 'billion', 'star', 'hundred', 'billion', 'star', 'hundred', 'billion', 'star', 'edge', 'looking']"
so for us there is an edge we're looking so for us there is an edge we're looking at the past until there is just no past,"['edge', 'looking', 'edge', 'looking', 'past', 'past']"
at the past until there is just no past at the past until there is just no past left this Edge is really more like an,"['past', 'past', 'past', 'past', 'left', 'edge', 'really', 'like']"
left this Edge is really more like an left this Edge is really more like an edge in time and in a sense meaningless edge in time and in a sense meaningless,"['left', 'edge', 'really', 'like', 'left', 'edge', 'really', 'like', 'edge', 'time', 'sense', 'meaningless', 'edge', 'time', 'sense', 'meaningless']"
edge in time and in a sense meaningless the real universe is for sure bigger the real universe is for sure bigger the real universe is for sure bigger than what we can see but how much there,"['edge', 'time', 'sense', 'meaningless', 'real', 'universe', 'sure', 'bigger', 'real', 'universe', 'sure', 'bigger', 'real', 'universe', 'sure', 'bigger', 'see', 'much']"
than what we can see but how much there than what we can see but how much there are two options either the universe is,"['see', 'much', 'see', 'much', 'two', 'option', 'either', 'universe']"
are two options either the universe is are two options either the universe is ready big but finite or it's truly ready big but finite or it's truly,"['two', 'option', 'either', 'universe', 'two', 'option', 'either', 'universe', 'ready', 'big', 'finite', 'truly', 'ready', 'big', 'finite', 'truly']"
ready big but finite or it's truly infinite a finite Universe means that infinite a finite Universe means that infinite a finite Universe means that that if you want to fill it with ice,"['ready', 'big', 'finite', 'truly', 'infinite', 'finite', 'universe', 'mean', 'infinite', 'finite', 'universe', 'mean', 'infinite', 'finite', 'universe', 'mean', 'want', 'fill', 'ice']"
that if you want to fill it with ice that if you want to fill it with ice cream you can do it you need a lot of,"['want', 'fill', 'ice', 'want', 'fill', 'ice', 'cream', 'need', 'lot']"
cream you can do it you need a lot of cream you can do it you need a lot of ice cream but it is a finite amount but,"['cream', 'need', 'lot', 'cream', 'need', 'lot', 'ice', 'cream', 'finite', 'amount']"
ice cream but it is a finite amount but ice cream but it is a finite amount but that leads to a weird problem such a,"['ice', 'cream', 'finite', 'amount', 'ice', 'cream', 'finite', 'amount', 'lead', 'weird', 'problem']"
that leads to a weird problem such a that leads to a weird problem such a universe should have an edge a cosmic universe should have an edge a cosmic,"['lead', 'weird', 'problem', 'lead', 'weird', 'problem', 'universe', 'edge', 'cosmic', 'universe', 'edge', 'cosmic']"
universe should have an edge a cosmic wall where space ends and if there's an wall where space ends and if there's an wall where space ends and if there's an edge there should be something outside,"['universe', 'edge', 'cosmic', 'wall', 'space', 'end', 'there', 'wall', 'space', 'end', 'there', 'wall', 'space', 'end', 'there', 'edge', 'something', 'outside']"
edge there should be something outside edge there should be something outside that edge but the universe by definition that edge but the universe by definition,"['edge', 'something', 'outside', 'edge', 'something', 'outside', 'edge', 'universe', 'definition', 'edge', 'universe', 'definition']"
that edge but the universe by definition is all there is so how could there be is all there is so how could there be,"['edge', 'universe', 'definition', 'could', 'could']"
is all there is so how could there be stuff outside all there is does the idea stuff outside all there is does the idea,"['could', 'stuff', 'outside', 'idea', 'stuff', 'outside', 'idea']"
stuff outside all there is does the idea of something outside of everything even of something outside of everything even of something outside of everything even make sense,"['stuff', 'outside', 'idea', 'something', 'outside', 'everything', 'even', 'something', 'outside', 'everything', 'even', 'something', 'outside', 'everything', 'even', 'make', 'sense']"
make sense make sense except of course there is a physics hack except of course there is a physics hack except of course there is a physics hack you can have a universe that has no,"['make', 'sense', 'make', 'sense', 'except', 'course', 'physic', 'hack', 'except', 'course', 'physic', 'hack', 'except', 'course', 'physic', 'hack', 'universe']"
you can have a universe that has no you can have a universe that has no border but that still could be filled border but that still could be filled,"['universe', 'universe', 'border', 'still', 'could', 'filled', 'border', 'still', 'could', 'filled']"
border but that still could be filled with a finite amount of ice with a finite amount of ice with a finite amount of ice cream what if the universe is truly,"['border', 'still', 'could', 'filled', 'finite', 'amount', 'ice', 'finite', 'amount', 'ice', 'finite', 'amount', 'ice', 'cream', 'universe', 'truly']"
cream what if the universe is truly cream what if the universe is truly finite imagine an orange and a really finite imagine an orange and a really,"['cream', 'universe', 'truly', 'cream', 'universe', 'truly', 'finite', 'imagine', 'orange', 'really', 'finite', 'imagine', 'orange', 'really']"
finite imagine an orange and a really tiny ant the ant can only see a small tiny ant the ant can only see a small,"['finite', 'imagine', 'orange', 'really', 'tiny', 'ant', 'ant', 'see', 'small', 'tiny', 'ant', 'ant', 'see', 'small']"
tiny ant the ant can only see a small piece of the skin just as you can only piece of the skin just as you can only,"['tiny', 'ant', 'ant', 'see', 'small', 'piece', 'skin', 'piece', 'skin']"
piece of the skin just as you can only see a small chunk of the universe but if see a small chunk of the universe but if,"['piece', 'skin', 'see', 'small', 'chunk', 'universe', 'see', 'small', 'chunk', 'universe']"
see a small chunk of the universe but if the ant starts walking it will the ant starts walking it will the ant starts walking it will eventually walk around the whole orange,"['see', 'small', 'chunk', 'universe', 'ant', 'start', 'walking', 'ant', 'start', 'walking', 'ant', 'start', 'walking', 'eventually', 'walk', 'around', 'whole', 'orange']"
eventually walk around the whole orange eventually walk around the whole orange and be back to its starting point and be back to its starting point,"['eventually', 'walk', 'around', 'whole', 'orange', 'eventually', 'walk', 'around', 'whole', 'orange', 'back', 'starting', 'point', 'back', 'starting', 'point']"
and be back to its starting point so the skin of an orange is not infinite so the skin of an orange is not infinite,"['back', 'starting', 'point', 'skin', 'orange', 'infinite', 'skin', 'orange', 'infinite']"
so the skin of an orange is not infinite but it doesn't have a border the but it doesn't have a border the but it doesn't have a border the universe is not like the skin of an,"['skin', 'orange', 'infinite', 'doesnt', 'border', 'doesnt', 'border', 'doesnt', 'border', 'universe', 'like', 'skin']"
universe is not like the skin of an universe is not like the skin of an orange but it could be very similar orange but it could be very similar,"['universe', 'like', 'skin', 'universe', 'like', 'skin', 'orange', 'could', 'similar', 'orange', 'could', 'similar']"
orange but it could be very similar instead of a sphere it could be a instead of a sphere it could be a instead of a sphere it could be a hypersphere where 3D space is curled on,"['orange', 'could', 'similar', 'instead', 'sphere', 'could', 'instead', 'sphere', 'could', 'instead', 'sphere', 'could', 'hypersphere', 'space', 'curled']"
hypersphere where 3D space is curled on hypersphere where 3D space is curled on itself which is impossible for your itself which is impossible for your,"['hypersphere', 'space', 'curled', 'hypersphere', 'space', 'curled', 'impossible', 'impossible']"
itself which is impossible for your brain to visualize unfortunately but the brain to visualize unfortunately but the brain to visualize unfortunately but the point is no borders no outside of the,"['impossible', 'brain', 'visualize', 'unfortunately', 'brain', 'visualize', 'unfortunately', 'brain', 'visualize', 'unfortunately', 'point', 'border', 'outside']"
point is no borders no outside of the point is no borders no outside of the hypersphere from our human amp hypersphere from our human amp,"['point', 'border', 'outside', 'point', 'border', 'outside', 'hypersphere', 'human', 'amp', 'hypersphere', 'human', 'amp']"
hypersphere from our human amp perspective our whole 3D space is like perspective our whole 3D space is like perspective our whole 3D space is like the peel of the orange if you were,"['hypersphere', 'human', 'amp', 'perspective', 'whole', 'space', 'like', 'perspective', 'whole', 'space', 'like', 'perspective', 'whole', 'space', 'like', 'peel', 'orange']"
the peel of the orange if you were the peel of the orange if you were aboard a spaceship flying in a straight aboard a spaceship flying in a straight,"['peel', 'orange', 'peel', 'orange', 'aboard', 'spaceship', 'flying', 'straight', 'aboard', 'spaceship', 'flying', 'straight']"
aboard a spaceship flying in a straight line you would eventually come back to line you would eventually come back to line you would eventually come back to earth how does any of this make sense,"['aboard', 'spaceship', 'flying', 'straight', 'line', 'would', 'eventually', 'come', 'back', 'line', 'would', 'eventually', 'come', 'back', 'line', 'would', 'eventually', 'come', 'back', 'earth', 'make', 'sense']"
earth how does any of this make sense earth how does any of this make sense the actual physics is hard so we have to,"['earth', 'make', 'sense', 'earth', 'make', 'sense', 'actual', 'physic', 'hard']"
the actual physics is hard so we have to the actual physics is hard so we have to simplify and lie a bit here but in a,"['actual', 'physic', 'hard', 'actual', 'physic', 'hard', 'simplify', 'lie', 'bit']"
simplify and lie a bit here but in a simplify and lie a bit here but in a nutshell it all boils down to gravity,"['simplify', 'lie', 'bit', 'simplify', 'lie', 'bit', 'nutshell', 'boil', 'gravity']"
nutshell it all boils down to gravity nutshell it all boils down to gravity the way it works is that mass creates the way it works is that mass creates,"['nutshell', 'boil', 'gravity', 'nutshell', 'boil', 'gravity', 'way', 'work', 'mass', 'creates', 'way', 'work', 'mass', 'creates']"
the way it works is that mass creates Gravity by bending SpaceTime this Gravity by bending SpaceTime this Gravity by bending SpaceTime this bending is the strongest where the mass,"['way', 'work', 'mass', 'creates', 'gravity', 'bending', 'spacetime', 'gravity', 'bending', 'spacetime', 'gravity', 'bending', 'spacetime', 'bending', 'strongest', 'mass']"
bending is the strongest where the mass bending is the strongest where the mass is but sort of stretches on forever like is but sort of stretches on forever like,"['bending', 'strongest', 'mass', 'bending', 'strongest', 'mass', 'sort', 'stretch', 'forever', 'like', 'sort', 'stretch', 'forever', 'like']"
is but sort of stretches on forever like a very mild tension in the fabric of a very mild tension in the fabric of a very mild tension in the fabric of SpaceTime itself this could bend the,"['sort', 'stretch', 'forever', 'like', 'mild', 'tension', 'fabric', 'mild', 'tension', 'fabric', 'mild', 'tension', 'fabric', 'spacetime', 'could', 'bend']"
SpaceTime itself this could bend the SpaceTime itself this could bend the whole universe in a way where it bends whole universe in a way where it bends,"['spacetime', 'could', 'bend', 'spacetime', 'could', 'bend', 'whole', 'universe', 'way', 'bend', 'whole', 'universe', 'way', 'bend']"
whole universe in a way where it bends back on itself which then makes the back on itself which then makes the back on itself which then makes the hypersphere if you find this confusing,"['whole', 'universe', 'way', 'bend', 'back', 'make', 'back', 'make', 'back', 'make', 'hypersphere', 'find', 'confusing']"
hypersphere if you find this confusing hypersphere if you find this confusing we're with you if the universe happens we're with you if the universe happens,"['hypersphere', 'find', 'confusing', 'hypersphere', 'find', 'confusing', 'universe', 'happens', 'universe', 'happens']"
we're with you if the universe happens to be a hypersphere how could we find to be a hypersphere how could we find to be a hypersphere how could we find out how big it is on Earth we can see,"['universe', 'happens', 'hypersphere', 'could', 'find', 'hypersphere', 'could', 'find', 'hypersphere', 'could', 'find', 'big', 'earth', 'see']"
out how big it is on Earth we can see out how big it is on Earth we can see things disappear below the Horizon and,"['big', 'earth', 'see', 'big', 'earth', 'see', 'thing', 'disappear', 'horizon']"
things disappear below the Horizon and things disappear below the Horizon and that helps us calculate how big the that helps us calculate how big the,"['thing', 'disappear', 'horizon', 'thing', 'disappear', 'horizon', 'help', 'calculate', 'big', 'help', 'calculate', 'big']"
that helps us calculate how big the Earth is scientists tried to find some Earth is scientists tried to find some Earth is scientists tried to find some sort of universe Horizon that would,"['help', 'calculate', 'big', 'earth', 'scientist', 'tried', 'find', 'earth', 'scientist', 'tried', 'find', 'earth', 'scientist', 'tried', 'find', 'sort', 'universe', 'horizon', 'would']"
sort of universe Horizon that would sort of universe Horizon that would reveal the scale of the Cosmic Sphere reveal the scale of the Cosmic Sphere,"['sort', 'universe', 'horizon', 'would', 'sort', 'universe', 'horizon', 'would', 'reveal', 'scale', 'cosmic', 'sphere', 'reveal', 'scale', 'cosmic', 'sphere']"
reveal the scale of the Cosmic Sphere but didn't see anything which means that but didn't see anything which means that but didn't see anything which means that if the universe is a hypersphere it,"['reveal', 'scale', 'cosmic', 'sphere', 'didnt', 'see', 'anything', 'mean', 'didnt', 'see', 'anything', 'mean', 'didnt', 'see', 'anything', 'mean', 'universe', 'hypersphere']"
if the universe is a hypersphere it if the universe is a hypersphere it needs to be so big that from our needs to be so big that from our,"['universe', 'hypersphere', 'universe', 'hypersphere', 'need', 'big', 'need', 'big']"
needs to be so big that from our perspective it looks like we're living perspective it looks like we're living perspective it looks like we're living on a flat surface,"['need', 'big', 'perspective', 'look', 'like', 'living', 'perspective', 'look', 'like', 'living', 'perspective', 'look', 'like', 'living', 'flat', 'surface']"
"on a flat surface on a flat surface for this to make sense a hyperspherical for this to make sense a hyperspherical for this to make sense a hyperspherical universe should be at least 1,000 times","['flat', 'surface', 'flat', 'surface', 'make', 'sense', 'hyperspherical', 'make', 'sense', 'hyperspherical', 'make', 'sense', 'hyperspherical', 'universe', 'least', 'time']"
"universe should be at least 1,000 times universe should be at least 1,000 times bigger than our observable part it could bigger than our observable part it could","['universe', 'least', 'time', 'universe', 'least', 'time', 'bigger', 'observable', 'part', 'could', 'bigger', 'observable', 'part', 'could']"
bigger than our observable part it could be a trillion times bigger for all we be a trillion times bigger for all we be a trillion times bigger for all we know but not smaller than that some,"['bigger', 'observable', 'part', 'could', 'trillion', 'time', 'bigger', 'trillion', 'time', 'bigger', 'trillion', 'time', 'bigger', 'know', 'smaller']"
know but not smaller than that some know but not smaller than that some scientists thought all of this is way scientists thought all of this is way,"['know', 'smaller', 'know', 'smaller', 'scientist', 'thought', 'way', 'scientist', 'thought', 'way']"
scientists thought all of this is way too straightforward and came up with a too straightforward and came up with a too straightforward and came up with a Wilder option the universe could be like,"['scientist', 'thought', 'way', 'straightforward', 'came', 'straightforward', 'came', 'straightforward', 'came', 'wilder', 'option', 'universe', 'could', 'like']"
Wilder option the universe could be like Wilder option the universe could be like the frosting of a donut a hyper donut the frosting of a donut a hyper donut,"['wilder', 'option', 'universe', 'could', 'like', 'wilder', 'option', 'universe', 'could', 'like', 'frosting', 'donut', 'hyper', 'donut', 'frosting', 'donut', 'hyper', 'donut']"
the frosting of a donut a hyper donut also impossible to visualize for your also impossible to visualize for your also impossible to visualize for your brain this too means that if you travel,"['frosting', 'donut', 'hyper', 'donut', 'also', 'impossible', 'visualize', 'also', 'impossible', 'visualize', 'also', 'impossible', 'visualize', 'brain', 'mean', 'travel']"
brain this too means that if you travel brain this too means that if you travel in a straight line you'd get back to in a straight line you'd get back to,"['brain', 'mean', 'travel', 'brain', 'mean', 'travel', 'straight', 'line', 'youd', 'get', 'back', 'straight', 'line', 'youd', 'get', 'back']"
in a straight line you'd get back to where you started but with fun where you started but with fun where you started but with fun complications,"['straight', 'line', 'youd', 'get', 'back', 'started', 'fun', 'started', 'fun', 'started', 'fun', 'complication']"
complications complications in a hyper donut Universe there's not in a hyper donut Universe there's not in a hyper donut Universe there's not the same amount of stuff in every,"['complication', 'complication', 'hyper', 'donut', 'universe', 'there', 'hyper', 'donut', 'universe', 'there', 'hyper', 'donut', 'universe', 'there', 'amount', 'stuff', 'every']"
the same amount of stuff in every the same amount of stuff in every direction if two spaceships fly in direction if two spaceships fly in,"['amount', 'stuff', 'every', 'amount', 'stuff', 'every', 'direction', 'two', 'spaceship', 'fly', 'direction', 'two', 'spaceship', 'fly']"
direction if two spaceships fly in different directions one could get back different directions one could get back different directions one could get back to the start way earlier this also means,"['direction', 'two', 'spaceship', 'fly', 'different', 'direction', 'one', 'could', 'get', 'back', 'different', 'direction', 'one', 'could', 'get', 'back', 'different', 'direction', 'one', 'could', 'get', 'back', 'start', 'way', 'earlier', 'also', 'mean']"
to the start way earlier this also means to the start way earlier this also means that light from far away galaxies would that light from far away galaxies would,"['start', 'way', 'earlier', 'also', 'mean', 'start', 'way', 'earlier', 'also', 'mean', 'light', 'far', 'away', 'galaxy', 'would', 'light', 'far', 'away', 'galaxy', 'would']"
that light from far away galaxies would do fun and confusing stuff in a sort of do fun and confusing stuff in a sort of,"['light', 'far', 'away', 'galaxy', 'would', 'fun', 'confusing', 'stuff', 'sort', 'fun', 'confusing', 'stuff', 'sort']"
do fun and confusing stuff in a sort of cosmic Hall of Mirrors effect we could cosmic Hall of Mirrors effect we could cosmic Hall of Mirrors effect we could see far away things in two places but,"['fun', 'confusing', 'stuff', 'sort', 'cosmic', 'hall', 'mirror', 'effect', 'could', 'cosmic', 'hall', 'mirror', 'effect', 'could', 'cosmic', 'hall', 'mirror', 'effect', 'could', 'see', 'far', 'away', 'thing', 'two', 'place']"
see far away things in two places but see far away things in two places but not just that we would see it in not just that we would see it in,"['see', 'far', 'away', 'thing', 'two', 'place', 'see', 'far', 'away', 'thing', 'two', 'place', 'would', 'see', 'would', 'see']"
not just that we would see it in different moments in time because its different moments in time because its different moments in time because its light would have taken much longer to,"['would', 'see', 'different', 'moment', 'time', 'different', 'moment', 'time', 'different', 'moment', 'time', 'light', 'would', 'taken', 'much', 'longer']"
light would have taken much longer to light would have taken much longer to travel in One Direction than than the travel in One Direction than than the,"['light', 'would', 'taken', 'much', 'longer', 'light', 'would', 'taken', 'much', 'longer', 'travel', 'one', 'direction', 'travel', 'one', 'direction']"
travel in One Direction than than the other you could see a star being born in other you could see a star being born in,"['travel', 'one', 'direction', 'could', 'see', 'star', 'born', 'could', 'see', 'star', 'born']"
other you could see a star being born in front of you and see that same star die front of you and see that same star die,"['could', 'see', 'star', 'born', 'front', 'see', 'star', 'die', 'front', 'see', 'star', 'die']"
front of you and see that same star die on the opposite side of the sky how big on the opposite side of the sky how big,"['front', 'see', 'star', 'die', 'opposite', 'side', 'sky', 'big', 'opposite', 'side', 'sky', 'big']"
on the opposite side of the sky how big would such a hyper donut Universe be would such a hyper donut Universe be would such a hyper donut Universe be well because of its strange geometry,"['opposite', 'side', 'sky', 'big', 'would', 'hyper', 'donut', 'universe', 'would', 'hyper', 'donut', 'universe', 'would', 'hyper', 'donut', 'universe', 'well', 'strange', 'geometry']"
well because of its strange geometry well because of its strange geometry actually this is kind of the smallest actually this is kind of the smallest,"['well', 'strange', 'geometry', 'well', 'strange', 'geometry', 'actually', 'kind', 'smallest', 'actually', 'kind', 'smallest']"
actually this is kind of the smallest possible Universe potentially just a few possible Universe potentially just a few possible Universe potentially just a few times bigger than the observable,"['actually', 'kind', 'smallest', 'possible', 'universe', 'potentially', 'possible', 'universe', 'potentially', 'possible', 'universe', 'potentially', 'time', 'bigger', 'observable']"
times bigger than the observable times bigger than the observable universe but it could also be way way universe but it could also be way way,"['time', 'bigger', 'observable', 'time', 'bigger', 'observable', 'universe', 'could', 'also', 'way', 'way', 'universe', 'could', 'also', 'way', 'way']"
universe but it could also be way way bigger we don't know okay so much for bigger we don't know okay so much for bigger we don't know okay so much for finite universes but what if it's truly,"['universe', 'could', 'also', 'way', 'way', 'bigger', 'dont', 'know', 'okay', 'much', 'bigger', 'dont', 'know', 'okay', 'much', 'bigger', 'dont', 'know', 'okay', 'much', 'finite', 'universe', 'truly']"
finite universes but what if it's truly finite universes but what if it's truly infinite and space goes on forever what infinite and space goes on forever what,"['finite', 'universe', 'truly', 'finite', 'universe', 'truly', 'infinite', 'space', 'go', 'forever', 'infinite', 'space', 'go', 'forever']"
infinite and space goes on forever what would that be would that be would that be like what if the universe is truly like what if the universe is truly,"['infinite', 'space', 'go', 'forever', 'would', 'would', 'would', 'like', 'universe', 'truly', 'like', 'universe', 'truly']"
like what if the universe is truly infinite actually the cosmological model infinite actually the cosmological model infinite actually the cosmological model used by most scientists describes an,"['like', 'universe', 'truly', 'infinite', 'actually', 'cosmological', 'model', 'infinite', 'actually', 'cosmological', 'model', 'infinite', 'actually', 'cosmological', 'model', 'used', 'scientist', 'describes']"
used by most scientists describes an used by most scientists describes an infinite Universe we mostly use it to infinite Universe we mostly use it to,"['used', 'scientist', 'describes', 'used', 'scientist', 'describes', 'infinite', 'universe', 'mostly', 'use', 'infinite', 'universe', 'mostly', 'use']"
infinite Universe we mostly use it to calculate what happens inside our calculate what happens inside our calculate what happens inside our observable chunk but if taken literally,"['infinite', 'universe', 'mostly', 'use', 'calculate', 'happens', 'inside', 'calculate', 'happens', 'inside', 'calculate', 'happens', 'inside', 'observable', 'chunk', 'taken', 'literally']"
observable chunk but if taken literally observable chunk but if taken literally it predicts an infinite Universe an it predicts an infinite Universe an it predicts an infinite Universe an infinite Universe goes on well forever,"['observable', 'chunk', 'taken', 'literally', 'observable', 'chunk', 'taken', 'literally', 'predicts', 'infinite', 'universe', 'predicts', 'infinite', 'universe', 'predicts', 'infinite', 'universe', 'infinite', 'universe', 'go', 'well', 'forever']"
infinite Universe goes on well forever infinite Universe goes on well forever with no border anywhere also impossible with no border anywhere also impossible with no border anywhere also impossible to visualize wherever you look look,"['infinite', 'universe', 'go', 'well', 'forever', 'infinite', 'universe', 'go', 'well', 'forever', 'border', 'anywhere', 'also', 'impossible', 'border', 'anywhere', 'also', 'impossible', 'border', 'anywhere', 'also', 'impossible', 'visualize', 'wherever', 'look', 'look']"
to visualize wherever you look look to visualize wherever you look look you'll find more and more stuff in every you'll find more and more stuff in every,"['visualize', 'wherever', 'look', 'look', 'visualize', 'wherever', 'look', 'look', 'youll', 'find', 'stuff', 'every', 'youll', 'find', 'stuff', 'every']"
you'll find more and more stuff in every possible Direction this kind of breaks possible Direction this kind of breaks possible Direction this kind of breaks our brain a bit for a few reasons first,"['youll', 'find', 'stuff', 'every', 'possible', 'direction', 'kind', 'break', 'possible', 'direction', 'kind', 'break', 'possible', 'direction', 'kind', 'break', 'brain', 'bit', 'reason', 'first']"
our brain a bit for a few reasons first our brain a bit for a few reasons first of all if the universe is infinite is it,"['brain', 'bit', 'reason', 'first', 'brain', 'bit', 'reason', 'first', 'universe', 'infinite']"
of all if the universe is infinite is it of all if the universe is infinite is it also Eternal and has been there forever,"['universe', 'infinite', 'universe', 'infinite', 'also', 'eternal', 'forever']"
also Eternal and has been there forever also Eternal and has been there forever was there a time when there was nothing was there a time when there was nothing,"['also', 'eternal', 'forever', 'also', 'eternal', 'forever', 'time', 'nothing', 'time', 'nothing']"
was there a time when there was nothing everywhere and then there was something everywhere and then there was something everywhere and then there was something everywhere well we don't know but we,"['time', 'nothing', 'everywhere', 'something', 'everywhere', 'something', 'everywhere', 'something', 'everywhere', 'well', 'dont', 'know']"
everywhere well we don't know but we everywhere well we don't know but we have a lot of evidence for the Big Bang have a lot of evidence for the Big Bang,"['everywhere', 'well', 'dont', 'know', 'everywhere', 'well', 'dont', 'know', 'lot', 'evidence', 'big', 'bang', 'lot', 'evidence', 'big', 'bang']"
have a lot of evidence for the Big Bang so it really seems like the universe so it really seems like the universe so it really seems like the universe started at some point in the past but,"['lot', 'evidence', 'big', 'bang', 'really', 'seems', 'like', 'universe', 'really', 'seems', 'like', 'universe', 'really', 'seems', 'like', 'universe', 'started', 'point', 'past']"
started at some point in the past but started at some point in the past but wait since the Big Bang the universe has wait since the Big Bang the universe has,"['started', 'point', 'past', 'started', 'point', 'past', 'wait', 'since', 'big', 'bang', 'universe', 'wait', 'since', 'big', 'bang', 'universe']"
wait since the Big Bang the universe has been expanding how can an infinite thing been expanding how can an infinite thing been expanding how can an infinite thing that's everywhere become even bigger,"['wait', 'since', 'big', 'bang', 'universe', 'expanding', 'infinite', 'thing', 'expanding', 'infinite', 'thing', 'expanding', 'infinite', 'thing', 'thats', 'everywhere', 'become', 'even', 'bigger']"
that's everywhere become even bigger that's everywhere become even bigger Cosmic expansion just means that the Cosmic expansion just means that the Cosmic expansion just means that the distance between galaxies is growing,"['thats', 'everywhere', 'become', 'even', 'bigger', 'thats', 'everywhere', 'become', 'even', 'bigger', 'cosmic', 'expansion', 'mean', 'cosmic', 'expansion', 'mean', 'cosmic', 'expansion', 'mean', 'distance', 'galaxy', 'growing']"
distance between galaxies is growing distance between galaxies is growing with time even an infinite space can with time even an infinite space can with time even an infinite space can become bigger welcome to the paradoxes,"['distance', 'galaxy', 'growing', 'distance', 'galaxy', 'growing', 'time', 'even', 'infinite', 'space', 'time', 'even', 'infinite', 'space', 'time', 'even', 'infinite', 'space', 'become', 'bigger', 'welcome', 'paradox']"
become bigger welcome to the paradoxes become bigger welcome to the paradoxes of of of infinity infinity gets much weirder infinity infinity gets much weirder,"['become', 'bigger', 'welcome', 'paradox', 'become', 'bigger', 'welcome', 'paradox', 'infinity', 'infinity', 'get', 'much', 'weirder', 'infinity', 'infinity', 'get', 'much', 'weirder']"
infinity infinity gets much weirder though as you travel with your spaceship though as you travel with your spaceship though as you travel with your spaceship in a straight line you find new galaxies,"['infinity', 'infinity', 'get', 'much', 'weirder', 'though', 'travel', 'spaceship', 'though', 'travel', 'spaceship', 'though', 'travel', 'spaceship', 'straight', 'line', 'find', 'new', 'galaxy']"
in a straight line you find new galaxies in a straight line you find new galaxies stars and planets new wonders new weird stars and planets new wonders new weird,"['straight', 'line', 'find', 'new', 'galaxy', 'straight', 'line', 'find', 'new', 'galaxy', 'star', 'planet', 'new', 'wonder', 'new', 'weird', 'star', 'planet', 'new', 'wonder', 'new', 'weird']"
stars and planets new wonders new weird stuff probably new aliens and new life stuff probably new aliens and new life stuff probably new aliens and new life forms Stranger than you could ever,"['star', 'planet', 'new', 'wonder', 'new', 'weird', 'stuff', 'probably', 'new', 'alien', 'new', 'life', 'stuff', 'probably', 'new', 'alien', 'new', 'life', 'stuff', 'probably', 'new', 'alien', 'new', 'life', 'form', 'stranger', 'could', 'ever']"
forms Stranger than you could ever forms Stranger than you could ever imagine but after a long time you might imagine but after a long time you might,"['form', 'stranger', 'could', 'ever', 'form', 'stranger', 'could', 'ever', 'imagine', 'long', 'time', 'might', 'imagine', 'long', 'time', 'might']"
imagine but after a long time you might find the most special thing in the find the most special thing in the find the most special thing in the universe yourself an exact copy of you,"['imagine', 'long', 'time', 'might', 'find', 'special', 'thing', 'find', 'special', 'thing', 'find', 'special', 'thing', 'universe', 'exact', 'copy']"
universe yourself an exact copy of you universe yourself an exact copy of you watching this video right now how can watching this video right now how can,"['universe', 'exact', 'copy', 'universe', 'exact', 'copy', 'watching', 'video', 'right', 'watching', 'video', 'right']"
watching this video right now how can that be well everything in existence is that be well everything in existence is that be well everything in existence is made of a finite amount of different,"['watching', 'video', 'right', 'well', 'everything', 'existence', 'well', 'everything', 'existence', 'well', 'everything', 'existence', 'made', 'finite', 'amount', 'different']"
made of a finite amount of different made of a finite amount of different particles and a finite number of particles and a finite number of,"['made', 'finite', 'amount', 'different', 'made', 'finite', 'amount', 'different', 'particle', 'finite', 'number', 'particle', 'finite', 'number']"
particles and a finite number of different particles can only be combined different particles can only be combined different particles can only be combined in a finite number of ways that number,"['particle', 'finite', 'number', 'different', 'particle', 'combined', 'different', 'particle', 'combined', 'different', 'particle', 'combined', 'finite', 'number', 'way', 'number']"
in a finite number of ways that number in a finite number of ways that number may be so large that it feels like may be so large that it feels like,"['finite', 'number', 'way', 'number', 'finite', 'number', 'way', 'number', 'may', 'large', 'feel', 'like', 'may', 'large', 'feel', 'like']"
may be so large that it feels like Infinity to our brains but it's not Infinity to our brains but it's not Infinity to our brains but it's not really if you have finite options to,"['may', 'large', 'feel', 'like', 'infinity', 'brain', 'infinity', 'brain', 'infinity', 'brain', 'really', 'finite', 'option']"
really if you have finite options to really if you have finite options to build things but Infinite Space that is build things but Infinite Space that is,"['really', 'finite', 'option', 'really', 'finite', 'option', 'build', 'thing', 'infinite', 'space', 'build', 'thing', 'infinite', 'space']"
build things but Infinite Space that is full of things in all directions forever full of things in all directions forever full of things in all directions forever then it makes sense that by pure chance,"['build', 'thing', 'infinite', 'space', 'full', 'thing', 'direction', 'forever', 'full', 'thing', 'direction', 'forever', 'full', 'thing', 'direction', 'forever', 'make', 'sense', 'pure', 'chance']"
then it makes sense that by pure chance then it makes sense that by pure chance there will likely be repetition although there will likely be repetition although,"['make', 'sense', 'pure', 'chance', 'make', 'sense', 'pure', 'chance', 'likely', 'repetition', 'although', 'likely', 'repetition', 'although']"
there will likely be repetition although just because something is possible just because something is possible just because something is possible doesn't mean it will actually happen,"['likely', 'repetition', 'although', 'something', 'possible', 'something', 'possible', 'something', 'possible', 'doesnt', 'mean', 'actually', 'happen']"
doesn't mean it will actually happen doesn't mean it will actually happen maybe the Universe goes on forever but maybe the Universe goes on forever but,"['doesnt', 'mean', 'actually', 'happen', 'doesnt', 'mean', 'actually', 'happen', 'maybe', 'universe', 'go', 'forever', 'maybe', 'universe', 'go', 'forever']"
maybe the Universe goes on forever but only the boring stuff repeats itself only the boring stuff repeats itself only the boring stuff repeats itself endlessly maybe there is really only one,"['maybe', 'universe', 'go', 'forever', 'boring', 'stuff', 'repeat', 'boring', 'stuff', 'repeat', 'boring', 'stuff', 'repeat', 'endlessly', 'maybe', 'really', 'one']"
endlessly maybe there is really only one endlessly maybe there is really only one you but if the laws of physics are the you but if the laws of physics are the,"['endlessly', 'maybe', 'really', 'one', 'endlessly', 'maybe', 'really', 'one', 'law', 'physic', 'law', 'physic']"
you but if the laws of physics are the same everywhere then Far Far Away gas same everywhere then Far Far Away gas same everywhere then Far Far Away gas could have given birth to stars and,"['law', 'physic', 'everywhere', 'far', 'far', 'away', 'gas', 'everywhere', 'far', 'far', 'away', 'gas', 'everywhere', 'far', 'far', 'away', 'gas', 'could', 'given', 'birth', 'star']"
could have given birth to stars and could have given birth to stars and planets where primitive genetic planets where primitive genetic planets where primitive genetic information could emerge from chemistry,"['could', 'given', 'birth', 'star', 'could', 'given', 'birth', 'star', 'planet', 'primitive', 'genetic', 'planet', 'primitive', 'genetic', 'planet', 'primitive', 'genetic', 'information', 'could', 'emerge', 'chemistry']"
information could emerge from chemistry information could emerge from chemistry which might have ended up in cells and which might have ended up in cells and,"['information', 'could', 'emerge', 'chemistry', 'information', 'could', 'emerge', 'chemistry', 'might', 'ended', 'cell', 'might', 'ended', 'cell']"
which might have ended up in cells and animals that have involved in really animals that have involved in really animals that have involved in really unlikely ways and eventually Apes that,"['might', 'ended', 'cell', 'animal', 'involved', 'really', 'animal', 'involved', 'really', 'animal', 'involved', 'really', 'unlikely', 'way', 'eventually', 'ape']"
unlikely ways and eventually Apes that unlikely ways and eventually Apes that learn how to create online videos it learn how to create online videos it,"['unlikely', 'way', 'eventually', 'ape', 'unlikely', 'way', 'eventually', 'ape', 'learn', 'create', 'online', 'video', 'learn', 'create', 'online', 'video']"
learn how to create online videos it happened at least once so the chance is happened at least once so the chance is happened at least once so the chance is not zero even if the chance of there,"['learn', 'create', 'online', 'video', 'happened', 'least', 'chance', 'happened', 'least', 'chance', 'happened', 'least', 'chance', 'zero', 'even', 'chance']"
not zero even if the chance of there not zero even if the chance of there being an exact copy of you watching this being an exact copy of you watching this,"['zero', 'even', 'chance', 'zero', 'even', 'chance', 'exact', 'copy', 'watching', 'exact', 'copy', 'watching']"
being an exact copy of you watching this video right now is almost zero almost video right now is almost zero almost video right now is almost zero almost zero is still a huge number in an,"['exact', 'copy', 'watching', 'video', 'right', 'almost', 'zero', 'almost', 'video', 'right', 'almost', 'zero', 'almost', 'video', 'right', 'almost', 'zero', 'almost', 'zero', 'still', 'huge', 'number']"
zero is still a huge number in an zero is still a huge number in an infinite Universe unfortunately you'll infinite Universe unfortunately you'll infinite Universe unfortunately you'll never meet because almost zero still,"['zero', 'still', 'huge', 'number', 'zero', 'still', 'huge', 'number', 'infinite', 'universe', 'unfortunately', 'youll', 'infinite', 'universe', 'unfortunately', 'youll', 'infinite', 'universe', 'unfortunately', 'youll', 'never', 'meet', 'almost', 'zero', 'still']"
never meet because almost zero still never meet because almost zero still means the chance is incredibly small means the chance is incredibly small means the chance is incredibly small Earth as it exists right now is so,"['never', 'meet', 'almost', 'zero', 'still', 'never', 'meet', 'almost', 'zero', 'still', 'mean', 'chance', 'incredibly', 'small', 'mean', 'chance', 'incredibly', 'small', 'mean', 'chance', 'incredibly', 'small', 'earth', 'exists', 'right']"
Earth as it exists right now is so Earth as it exists right now is so unlikely you'd have to travel incredibly unlikely you'd have to travel incredibly,"['earth', 'exists', 'right', 'earth', 'exists', 'right', 'unlikely', 'youd', 'travel', 'incredibly', 'unlikely', 'youd', 'travel', 'incredibly']"
unlikely you'd have to travel incredibly f to find a second identical Earth some f to find a second identical Earth some f to find a second identical Earth some 10 to the 10 to the 29 the one followed,"['unlikely', 'youd', 'travel', 'incredibly', 'find', 'second', 'identical', 'earth', 'find', 'second', 'identical', 'earth', 'find', 'second', 'identical', 'earth', 'one', 'followed']"
10 to the 10 to the 29 the one followed 10 to the 10 to the 29 the one followed by 100 ocan zeros times the size of the,"['one', 'followed', 'one', 'followed', 'ocan', 'zero', 'time', 'size']"
by 100 ocan zeros times the size of the by 100 ocan zeros times the size of the observable universe so far that it kind,"['ocan', 'zero', 'time', 'size', 'ocan', 'zero', 'time', 'size', 'observable', 'universe', 'far', 'kind']"
observable universe so far that it kind observable universe so far that it kind of means forever far away still in a of means forever far away still in a,"['observable', 'universe', 'far', 'kind', 'observable', 'universe', 'far', 'kind', 'mean', 'forever', 'far', 'away', 'still', 'mean', 'forever', 'far', 'away', 'still']"
of means forever far away still in a truly infinite Universe every truly infinite Universe every truly infinite Universe every combination of particles could combination of particles could,"['mean', 'forever', 'far', 'away', 'still', 'truly', 'infinite', 'universe', 'every', 'truly', 'infinite', 'universe', 'every', 'truly', 'infinite', 'universe', 'every', 'combination', 'particle', 'could', 'combination', 'particle', 'could']"
combination of particles could reasonably not just occur only once but reasonably not just occur only once but reasonably not just occur only once but an infinite number of,"['combination', 'particle', 'could', 'reasonably', 'occur', 'reasonably', 'occur', 'reasonably', 'occur', 'infinite', 'number']"
an infinite number of an infinite number of times it's time to stop now while these times it's time to stop now while these times it's time to stop now while these scenarios are possible on paper we've,"['infinite', 'number', 'infinite', 'number', 'time', 'time', 'stop', 'time', 'time', 'stop', 'time', 'time', 'stop', 'scenario', 'possible', 'paper', 'weve']"
scenarios are possible on paper we've scenarios are possible on paper we've entered science philosophy here entered science philosophy here entered science philosophy here currently none of these are ideas are,"['scenario', 'possible', 'paper', 'weve', 'scenario', 'possible', 'paper', 'weve', 'entered', 'science', 'philosophy', 'entered', 'science', 'philosophy', 'entered', 'science', 'philosophy', 'currently', 'none', 'idea']"
currently none of these are ideas are currently none of these are ideas are testable or provable if the universe is testable or provable if the universe is,"['currently', 'none', 'idea', 'currently', 'none', 'idea', 'testable', 'provable', 'universe', 'testable', 'provable', 'universe']"
testable or provable if the universe is infinite we will never know the reality infinite we will never know the reality infinite we will never know the reality is for us the universe is finite and has,"['testable', 'provable', 'universe', 'infinite', 'never', 'know', 'reality', 'infinite', 'never', 'know', 'reality', 'infinite', 'never', 'know', 'reality', 'universe', 'finite']"
is for us the universe is finite and has is for us the universe is finite and has an edge and we can see the edge the edge,"['universe', 'finite', 'universe', 'finite', 'edge', 'see', 'edge', 'edge']"
an edge and we can see the edge the edge an edge and we can see the edge the edge in time everything we can interact with,"['edge', 'see', 'edge', 'edge', 'edge', 'see', 'edge', 'edge', 'time', 'everything', 'interact']"
in time everything we can interact with in time everything we can interact with is within the observable universe and is within the observable universe and,"['time', 'everything', 'interact', 'time', 'everything', 'interact', 'within', 'observable', 'universe', 'within', 'observable', 'universe']"
is within the observable universe and most likely this will stay true most likely this will stay true most likely this will stay true forever even if this finite Universe,"['within', 'observable', 'universe', 'likely', 'stay', 'true', 'likely', 'stay', 'true', 'likely', 'stay', 'true', 'forever', 'even', 'finite', 'universe']"
forever even if this finite Universe forever even if this finite Universe feels small to you it's more than big feels small to you it's more than big,"['forever', 'even', 'finite', 'universe', 'forever', 'even', 'finite', 'universe', 'feel', 'small', 'big', 'feel', 'small', 'big']"
feels small to you it's more than big enough to fulfill all the dreams that we enough to fulfill all the dreams that we enough to fulfill all the dreams that we and our descendants can ever come up,"['feel', 'small', 'big', 'enough', 'fulfill', 'dream', 'enough', 'fulfill', 'dream', 'enough', 'fulfill', 'dream', 'descendant', 'ever', 'come']"
and our descendants can ever come up and our descendants can ever come up with infinitely enough for all of us while we can't be sure whether the,"['descendant', 'ever', 'come', 'descendant', 'ever', 'come', 'infinitely', 'enough', 'cant', 'sure', 'whether']"
us while we can't be sure whether the universe is infinite many fascinating universe is infinite many fascinating universe is infinite many fascinating questions do have definitive answers in,"['cant', 'sure', 'whether', 'universe', 'infinite', 'many', 'fascinating', 'universe', 'infinite', 'many', 'fascinating', 'universe', 'infinite', 'many', 'fascinating', 'question', 'definitive', 'answer']"
questions do have definitive answers in questions do have definitive answers in science maths and technology and you can science maths and technology and you can,"['question', 'definitive', 'answer', 'question', 'definitive', 'answer', 'science', 'math', 'technology', 'science', 'math', 'technology']"
science maths and technology and you can learn all about them on brilliant.org learn all about them on brilliant.org learn all about them on brilliant.org brilliant will make you a better thinker,"['science', 'math', 'technology', 'learn', 'brilliantorg', 'learn', 'brilliantorg', 'learn', 'brilliantorg', 'brilliant', 'make', 'better', 'thinker']"
brilliant will make you a better thinker brilliant will make you a better thinker and Problem Solver with thousands of and Problem Solver with thousands of,"['brilliant', 'make', 'better', 'thinker', 'brilliant', 'make', 'better', 'thinker', 'problem', 'solver', 'thousand', 'problem', 'solver', 'thousand']"
and Problem Solver with thousands of Hands-On lessons on just about anything Hands-On lessons on just about anything Hands-On lessons on just about anything you may be curious about they recently,"['problem', 'solver', 'thousand', 'handson', 'lesson', 'anything', 'handson', 'lesson', 'anything', 'handson', 'lesson', 'anything', 'may', 'curious', 'recently']"
you may be curious about they recently you may be curious about they recently launched a whole new suite of data launched a whole new suite of data,"['may', 'curious', 'recently', 'may', 'curious', 'recently', 'launched', 'whole', 'new', 'suite', 'data', 'launched', 'whole', 'new', 'suite', 'data']"
launched a whole new suite of data courses that use real data to tell courses that use real data to tell courses that use real data to tell powerful stories while training your,"['launched', 'whole', 'new', 'suite', 'data', 'course', 'use', 'real', 'data', 'tell', 'course', 'use', 'real', 'data', 'tell', 'course', 'use', 'real', 'data', 'tell', 'powerful', 'story', 'training']"
powerful stories while training your powerful stories while training your brain to see Trends through the chaos of brain to see Trends through the chaos of,"['powerful', 'story', 'training', 'powerful', 'story', 'training', 'brain', 'see', 'trend', 'chaos', 'brain', 'see', 'trend', 'chaos']"
brain to see Trends through the chaos of truly massive data sets you'll answer truly massive data sets you'll answer truly massive data sets you'll answer practical questions like how to maximize,"['brain', 'see', 'trend', 'chaos', 'truly', 'massive', 'data', 'set', 'youll', 'answer', 'truly', 'massive', 'data', 'set', 'youll', 'answer', 'truly', 'massive', 'data', 'set', 'youll', 'answer', 'practical', 'question', 'like', 'maximize']"
practical questions like how to maximize practical questions like how to maximize Revenue hosting on Airbnb using the same Revenue hosting on Airbnb using the same,"['practical', 'question', 'like', 'maximize', 'practical', 'question', 'like', 'maximize', 'revenue', 'hosting', 'airbnb', 'using', 'revenue', 'hosting', 'airbnb', 'using']"
Revenue hosting on Airbnb using the same analysis techniques that scientists use analysis techniques that scientists use analysis techniques that scientists use to explore the distribution of galaxies,"['revenue', 'hosting', 'airbnb', 'using', 'analysis', 'technique', 'scientist', 'use', 'analysis', 'technique', 'scientist', 'use', 'analysis', 'technique', 'scientist', 'use', 'explore', 'distribution', 'galaxy']"
to explore the distribution of galaxies to explore the distribution of galaxies and unravel the mysteries of the cosmos and unravel the mysteries of the cosmos,"['explore', 'distribution', 'galaxy', 'explore', 'distribution', 'galaxy', 'unravel', 'mystery', 'cosmos', 'unravel', 'mystery', 'cosmos']"
and unravel the mysteries of the cosmos A Foundation that can take your A Foundation that can take your A Foundation that can take your understanding to astronomical Heights,"['unravel', 'mystery', 'cosmos', 'foundation', 'take', 'foundation', 'take', 'foundation', 'take', 'understanding', 'astronomical', 'height']"
understanding to astronomical Heights understanding to astronomical Heights we've also partnered with brilliant to we've also partnered with brilliant to we've also partnered with brilliant to create a series of lessons to take your,"['understanding', 'astronomical', 'height', 'understanding', 'astronomical', 'height', 'weve', 'also', 'partnered', 'brilliant', 'weve', 'also', 'partnered', 'brilliant', 'weve', 'also', 'partnered', 'brilliant', 'create', 'series', 'lesson', 'take']"
create a series of lessons to take your create a series of lessons to take your scientific knowledge to the next level scientific knowledge to the next level,"['create', 'series', 'lesson', 'take', 'create', 'series', 'lesson', 'take', 'scientific', 'knowledge', 'next', 'level', 'scientific', 'knowledge', 'next', 'level']"
scientific knowledge to the next level these lessons let you further explore these lessons let you further explore these lessons let you further explore the topics in our most popular videos,"['scientific', 'knowledge', 'next', 'level', 'lesson', 'let', 'explore', 'lesson', 'let', 'explore', 'lesson', 'let', 'explore', 'topic', 'popular', 'video']"
the topics in our most popular videos the topics in our most popular videos from rabis and mamalian Metabolism to from rabis and mamalian Metabolism to,"['topic', 'popular', 'video', 'topic', 'popular', 'video', 'rabis', 'mamalian', 'metabolism', 'rabis', 'mamalian', 'metabolism']"
from rabis and mamalian Metabolism to climate science and supern noi each climate science and supern noi each climate science and supern noi each lesson on brilliant is interactive like,"['rabis', 'mamalian', 'metabolism', 'climate', 'science', 'supern', 'noi', 'climate', 'science', 'supern', 'noi', 'climate', 'science', 'supern', 'noi', 'lesson', 'brilliant', 'interactive', 'like']"
lesson on brilliant is interactive like lesson on brilliant is interactive like a one-on-one version of a cot gazar a one-on-one version of a cot gazar,"['lesson', 'brilliant', 'interactive', 'like', 'lesson', 'brilliant', 'interactive', 'like', 'oneonone', 'version', 'cot', 'gazar', 'oneonone', 'version', 'cot', 'gazar']"
a one-on-one version of a cot gazar video and you can get started Whenever video and you can get started Whenever video and you can get started Whenever Wherever right from whatever device,"['oneonone', 'version', 'cot', 'gazar', 'video', 'get', 'started', 'whenever', 'video', 'get', 'started', 'whenever', 'video', 'get', 'started', 'whenever', 'wherever', 'right', 'whatever', 'device']"
Wherever right from whatever device Wherever right from whatever device you'd like to get handson with csar you'd like to get handson with csar you'd like to get handson with csar lessons and explore everything brilliant,"['wherever', 'right', 'whatever', 'device', 'wherever', 'right', 'whatever', 'device', 'youd', 'like', 'get', 'handson', 'csar', 'youd', 'like', 'get', 'handson', 'csar', 'youd', 'like', 'get', 'handson', 'csar', 'lesson', 'explore', 'everything', 'brilliant']"
lessons and explore everything brilliant lessons and explore everything brilliant has to offer you can start your free has to offer you can start your free,"['lesson', 'explore', 'everything', 'brilliant', 'lesson', 'explore', 'everything', 'brilliant', 'offer', 'start', 'free', 'offer', 'start', 'free']"
has to offer you can start your free 30-day trial by signing up at 30-day trial by signing up at 30-day trial by signing up at brilliant.org,"['offer', 'start', 'free', 'day', 'trial', 'signing', 'day', 'trial', 'signing', 'day', 'trial', 'signing', 'brilliantorg']"
brilliant.org brilliant.org nutshell there's even an extra perk for nutshell there's even an extra perk for nutshell there's even an extra perk for gazak viewers the first 200 people to,"['brilliantorg', 'brilliantorg', 'nutshell', 'there', 'even', 'extra', 'perk', 'nutshell', 'there', 'even', 'extra', 'perk', 'nutshell', 'there', 'even', 'extra', 'perk', 'gazak', 'viewer', 'first', 'people']"
gazak viewers the first 200 people to gazak viewers the first 200 people to use the link get 20% off an annual use the link get 20% off an annual,"['gazak', 'viewer', 'first', 'people', 'gazak', 'viewer', 'first', 'people', 'use', 'link', 'get', 'annual', 'use', 'link', 'get', 'annual']"
use the link get 20% off an annual membership once their trial,"['use', 'link', 'get', 'annual', 'membership', 'trial']"
